AGE;WORKCLASS;FNLWGT;EDUCATION;EDU_NUM;MARITAL_STATUS;OCCUPATION;RELATIONSHIP;RACE;SEX;CAPITAL_GAIN;CAPITAL_LOSS;HOURS_PER_WEEK;COUNTRY;INCOME
39; State_gov;77516; Bachelors;13; Never_married; Adm_clerical; Not_in_family; White; Male;2174;0;40; United_States;B
50; Self_emp_not_inc;83311; Bachelors;13; Married_civ_spouse; Exec_managerial; Husband; White; Male;0;0;13; United_States;B
38; Private;215646; HS_grad;9; Divorced; Handlers_cleaners; Not_in_family; White; Male;0;0;40; United_States;B
53; Private;234721; 11th;7; Married_civ_spouse; Handlers_cleaners; Husband; Black; Male;0;0;40; United_States;B
28; Private;338409; Bachelors;13; Married_civ_spouse; Prof_specialty; Wife; Black; Female;0;0;40; Cuba;B
37; Private;284582; Masters;14; Married_civ_spouse; Exec_managerial; Wife; White; Female;0;0;40; United_States;B
49; Private;160187; 9th;5; Married_spouse_absent; Other_service; Not_in_family; Black; Female;0;0;16; Jamaica;B
52; Self_emp_not_inc;209642; HS_grad;9; Married_civ_spouse; Exec_managerial; Husband; White; Male;0;0;45; United_States;A
31; Private;45781; Masters;14; Never_married; Prof_specialty; Not_in_family; White; Female;14084;0;50; United_States;A
42; Private;159449; Bachelors;13; Married_civ_spouse; Exec_managerial; Husband; White; Male;5178;0;40; United_States;A
37; Private;280464; Some_college;10; Married_civ_spouse; Exec_managerial; Husband; Black; Male;0;0;80; United_States;A
30; State_gov;141297; Bachelors;13; Married_civ_spouse; Prof_specialty; Husband; Asian_Pac_Islander; Male;0;0;40; India;A
23; Private;122272; Bachelors;13; Never_married; Adm_clerical; Own_child; White; Female;0;0;30; United_States;B
32; Private;205019; Assoc_acdm;12; Never_married; Sales; Not_in_family; Black; Male;0;0;50; United_States;B
34; Private;245487; 7th_8th;4; Married_civ_spouse; Transport_moving; Husband; Amer_Indian_Eskimo; Male;0;0;45; Mexico;B
25; Self_emp_not_inc;176756; HS_grad;9; Never_married; Farming_fishing; Own_child; White; Male;0;0;35; United_States;B
32; Private;186824; HS_grad;9; Never_married; Machine_op_inspct; Unmarried; White; Male;0;0;40; United_States;B
38; Private;28887; 11th;7; Married_civ_spouse; Sales; Husband; White; Male;0;0;50; United_States;B
43; Self_emp_not_inc;292175; Masters;14; Divorced; Exec_managerial; Unmarried; White; Female;0;0;45; United_States;A
40; Private;193524; Doctorate;16; Married_civ_spouse; Prof_specialty; Husband; White; Male;0;0;60; United_States;A
54; Private;302146; HS_grad;9; Separated; Other_service; Unmarried; Black; Female;0;0;20; United_States;B
35; Federal_gov;76845; 9th;5; Married_civ_spouse; Farming_fishing; Husband; Black; Male;0;0;40; United_States;B
43; Private;117037; 11th;7; Married_civ_spouse; Transport_moving; Husband; White; Male;0;2042;40; United_States;B
59; Private;109015; HS_grad;9; Divorced; Tech_support; Unmarried; White; Female;0;0;40; United_States;B
56; Local_gov;216851; Bachelors;13; Married_civ_spouse; Tech_support; Husband; White; Male;0;0;40; United_States;A
19; Private;168294; HS_grad;9; Never_married; Craft_repair; Own_child; White; Male;0;0;40; United_States;B
39; Private;367260; HS_grad;9; Divorced; Exec_managerial; Not_in_family; White; Male;0;0;80; United_States;B
49; Private;193366; HS_grad;9; Married_civ_spouse; Craft_repair; Husband; White; Male;0;0;40; United_States;B
23; Local_gov;190709; Assoc_acdm;12; Never_married; Protective_serv; Not_in_family; White; Male;0;0;52; United_States;B
20; Private;266015; Some_college;10; Never_married; Sales; Own_child; Black; Male;0;0;44; United_States;B
45; Private;386940; Bachelors;13; Divorced; Exec_managerial; Own_child; White; Male;0;1408;40; United_States;B
30; Federal_gov;59951; Some_college;10; Married_civ_spouse; Adm_clerical; Own_child; White; Male;0;0;40; United_States;B
22; State_gov;311512; Some_college;10; Married_civ_spouse; Other_service; Husband; Black; Male;0;0;15; United_States;B
48; Private;242406; 11th;7; Never_married; Machine_op_inspct; Unmarried; White; Male;0;0;40; Puerto_Rico;B
21; Private;197200; Some_college;10; Never_married; Machine_op_inspct; Own_child; White; Male;0;0;40; United_States;B
19; Private;544091; HS_grad;9; Married_AF_spouse; Adm_clerical; Wife; White; Female;0;0;25; United_States;B
48; Self_emp_not_inc;265477; Assoc_acdm;12; Married_civ_spouse; Prof_specialty; Husband; White; Male;0;0;40; United_States;B
31; Private;507875; 9th;5; Married_civ_spouse; Machine_op_inspct; Husband; White; Male;0;0;43; United_States;B
53; Self_emp_not_inc;88506; Bachelors;13; Married_civ_spouse; Prof_specialty; Husband; White; Male;0;0;40; United_States;B
24; Private;172987; Bachelors;13; Married_civ_spouse; Tech_support; Husband; White; Male;0;0;50; United_States;B
49; Private;94638; HS_grad;9; Separated; Adm_clerical; Unmarried; White; Female;0;0;40; United_States;B
25; Private;289980; HS_grad;9; Never_married; Handlers_cleaners; Not_in_family; White; Male;0;0;35; United_States;B
57; Federal_gov;337895; Bachelors;13; Married_civ_spouse; Prof_specialty; Husband; Black; Male;0;0;40; United_States;A
53; Private;144361; HS_grad;9; Married_civ_spouse; Machine_op_inspct; Husband; White; Male;0;0;38; United_States;B
44; Private;128354; Masters;14; Divorced; Exec_managerial; Unmarried; White; Female;0;0;40; United_States;B
41; State_gov;101603; Assoc_voc;11; Married_civ_spouse; Craft_repair; Husband; White; Male;0;0;40; United_States;B
29; Private;271466; Assoc_voc;11; Never_married; Prof_specialty; Not_in_family; White; Male;0;0;43; United_States;B
25; Private;32275; Some_college;10; Married_civ_spouse; Exec_managerial; Wife; Other; Female;0;0;40; United_States;B
47; Private;51835; Prof_school;15; Married_civ_spouse; Prof_specialty; Wife; White; Female;0;1902;60; Honduras;A
50; Federal_gov;251585; Bachelors;13; Divorced; Exec_managerial; Not_in_family; White; Male;0;0;55; United_States;A
47; Self_emp_inc;109832; HS_grad;9; Divorced; Exec_managerial; Not_in_family; White; Male;0;0;60; United_States;B
43; Private;237993; Some_college;10; Married_civ_spouse; Tech_support; Husband; White; Male;0;0;40; United_States;A
46; Private;216666; 5th_6th;3; Married_civ_spouse; Machine_op_inspct; Husband; White; Male;0;0;40; Mexico;B
35; Private;56352; Assoc_voc;11; Married_civ_spouse; Other_service; Husband; White; Male;0;0;40; Puerto_Rico;B
41; Private;147372; HS_grad;9; Married_civ_spouse; Adm_clerical; Husband; White; Male;0;0;48; United_States;B
30; Private;188146; HS_grad;9; Married_civ_spouse; Machine_op_inspct; Husband; White; Male;5013;0;40; United_States;B
30; Private;59496; Bachelors;13; Married_civ_spouse; Sales; Husband; White; Male;2407;0;40; United_States;B
48; Private;149640; HS_grad;9; Married_civ_spouse; Transport_moving; Husband; White; Male;0;0;40; United_States;B
42; Private;116632; Doctorate;16; Married_civ_spouse; Prof_specialty; Husband; White; Male;0;0;45; United_States;A
29; Private;105598; Some_college;10; Divorced; Tech_support; Not_in_family; White; Male;0;0;58; United_States;B
36; Private;155537; HS_grad;9; Married_civ_spouse; Craft_repair; Husband; White; Male;0;0;40; United_States;B
28; Private;183175; Some_college;10; Divorced; Adm_clerical; Not_in_family; White; Female;0;0;40; United_States;B
53; Private;169846; HS_grad;9; Married_civ_spouse; Adm_clerical; Wife; White; Female;0;0;40; United_States;A
49; Self_emp_inc;191681; Some_college;10; Married_civ_spouse; Exec_managerial; Husband; White; Male;0;0;50; United_States;A
19; Private;101509; Some_college;10; Never_married; Prof_specialty; Own_child; White; Male;0;0;32; United_States;B
31; Private;309974; Bachelors;13; Separated; Sales; Own_child; Black; Female;0;0;40; United_States;B
29; Self_emp_not_inc;162298; Bachelors;13; Married_civ_spouse; Sales; Husband; White; Male;0;0;70; United_States;A
23; Private;211678; Some_college;10; Never_married; Machine_op_inspct; Not_in_family; White; Male;0;0;40; United_States;B
79; Private;124744; Some_college;10; Married_civ_spouse; Prof_specialty; Other_relative; White; Male;0;0;20; United_States;B
27; Private;213921; HS_grad;9; Never_married; Other_service; Own_child; White; Male;0;0;40; Mexico;B
40; Private;32214; Assoc_acdm;12; Married_civ_spouse; Adm_clerical; Husband; White; Male;0;0;40; United_States;B
18; Private;309634; 11th;7; Never_married; Other_service; Own_child; White; Female;0;0;22; United_States;B
31; Local_gov;125927; 7th_8th;4; Married_civ_spouse; Farming_fishing; Husband; White; Male;0;0;40; United_States;B
18; Private;446839; HS_grad;9; Never_married; Sales; Not_in_family; White; Male;0;0;30; United_States;B
52; Private;276515; Bachelors;13; Married_civ_spouse; Other_service; Husband; White; Male;0;0;40; Cuba;B
46; Private;51618; HS_grad;9; Married_civ_spouse; Other_service; Wife; White; Female;0;0;40; United_States;B
59; Private;159937; HS_grad;9; Married_civ_spouse; Sales; Husband; White; Male;0;0;48; United_States;B
44; Private;343591; HS_grad;9; Divorced; Craft_repair; Not_in_family; White; Female;14344;0;40; United_States;A
53; Private;346253; HS_grad;9; Divorced; Sales; Own_child; White; Female;0;0;35; United_States;B
49; Local_gov;268234; HS_grad;9; Married_civ_spouse; Protective_serv; Husband; White; Male;0;0;40; United_States;A
33; Private;202051; Masters;14; Married_civ_spouse; Prof_specialty; Husband; White; Male;0;0;50; United_States;B
30; Private;54334; 9th;5; Never_married; Sales; Not_in_family; White; Male;0;0;40; United_States;B
43; Federal_gov;410867; Doctorate;16; Never_married; Prof_specialty; Not_in_family; White; Female;0;0;50; United_States;A
57; Private;249977; Assoc_voc;11; Married_civ_spouse; Prof_specialty; Husband; White; Male;0;0;40; United_States;B
37; Private;286730; Some_college;10; Divorced; Craft_repair; Unmarried; White; Female;0;0;40; United_States;B
28; Private;212563; Some_college;10; Divorced; Machine_op_inspct; Unmarried; Black; Female;0;0;25; United_States;B
34; Local_gov;226296; Bachelors;13; Married_civ_spouse; Protective_serv; Husband; White; Male;0;0;40; United_States;A
29; Local_gov;115585; Some_college;10; Never_married; Handlers_cleaners; Not_in_family; White; Male;0;0;50; United_States;B
48; Self_emp_not_inc;191277; Doctorate;16; Married_civ_spouse; Prof_specialty; Husband; White; Male;0;1902;60; United_States;A
37; Private;202683; Some_college;10; Married_civ_spouse; Sales; Husband; White; Male;0;0;48; United_States;A
48; Private;171095; Assoc_acdm;12; Divorced; Exec_managerial; Unmarried; White; Female;0;0;40; England;B
32; Federal_gov;249409; HS_grad;9; Never_married; Other_service; Own_child; Black; Male;0;0;40; United_States;B
76; Private;124191; Masters;14; Married_civ_spouse; Exec_managerial; Husband; White; Male;0;0;40; United_States;A
44; Private;198282; Bachelors;13; Married_civ_spouse; Exec_managerial; Husband; White; Male;15024;0;60; United_States;A
47; Self_emp_not_inc;149116; Masters;14; Never_married; Prof_specialty; Not_in_family; White; Female;0;0;50; United_States;B
20; Private;188300; Some_college;10; Never_married; Tech_support; Own_child; White; Female;0;0;40; United_States;B
29; Private;103432; HS_grad;9; Never_married; Craft_repair; Not_in_family; White; Male;0;0;40; United_States;B
32; Self_emp_inc;317660; HS_grad;9; Married_civ_spouse; Craft_repair; Husband; White; Male;7688;0;40; United_States;A
30; Private;194901; 11th;7; Never_married; Handlers_cleaners; Own_child; White; Male;0;0;40; United_States;B
31; Local_gov;189265; HS_grad;9; Never_married; Adm_clerical; Not_in_family; White; Female;0;0;40; United_States;B
42; Private;124692; HS_grad;9; Married_civ_spouse; Handlers_cleaners; Husband; White; Male;0;0;40; United_States;B
24; Private;432376; Bachelors;13; Never_married; Sales; Other_relative; White; Male;0;0;40; United_States;B
38; Private;65324; Prof_school;15; Married_civ_spouse; Prof_specialty; Husband; White; Male;0;0;40; United_States;A
56; Self_emp_not_inc;335605; HS_grad;9; Married_civ_spouse; Other_service; Husband; White; Male;0;1887;50; Canada;A
28; Private;377869; Some_college;10; Married_civ_spouse; Sales; Wife; White; Female;4064;0;25; United_States;B
36; Private;102864; HS_grad;9; Never_married; Machine_op_inspct; Own_child; White; Female;0;0;40; United_States;B
53; Private;95647; 9th;5; Married_civ_spouse; Handlers_cleaners; Husband; White; Male;0;0;50; United_States;B
56; Self_emp_inc;303090; Some_college;10; Married_civ_spouse; Sales; Husband; White; Male;0;0;50; United_States;B
49; Local_gov;197371; Assoc_voc;11; Married_civ_spouse; Craft_repair; Husband; Black; Male;0;0;40; United_States;A
55; Private;247552; Some_college;10; Married_civ_spouse; Sales; Husband; White; Male;0;0;56; United_States;B
22; Private;102632; HS_grad;9; Never_married; Craft_repair; Not_in_family; White; Male;0;0;41; United_States;B
21; Private;199915; Some_college;10; Never_married; Other_service; Own_child; White; Female;0;0;40; United_States;B
40; Private;118853; Bachelors;13; Married_civ_spouse; Exec_managerial; Husband; White; Male;0;0;60; United_States;B
30; Private;77143; Bachelors;13; Never_married; Exec_managerial; Own_child; Black; Male;0;0;40; Germany;B
29; State_gov;267989; Bachelors;13; Married_civ_spouse; Prof_specialty; Husband; White; Male;0;0;50; United_States;A
19; Private;301606; Some_college;10; Never_married; Other_service; Own_child; Black; Male;0;0;35; United_States;B
47; Private;287828; Bachelors;13; Married_civ_spouse; Exec_managerial; Wife; White; Female;0;0;40; United_States;A
20; Private;111697; Some_college;10; Never_married; Adm_clerical; Own_child; White; Female;0;1719;28; United_States;B
31; Private;114937; Assoc_acdm;12; Married_civ_spouse; Adm_clerical; Husband; White; Male;0;0;40; United_States;A
39; Private;365739; Some_college;10; Divorced; Craft_repair; Not_in_family; White; Male;0;0;40; United_States;B
28; Private;69621; Assoc_acdm;12; Never_married; Sales; Not_in_family; White; Female;0;0;60; United_States;B
24; Private;43323; HS_grad;9; Never_married; Other_service; Not_in_family; White; Female;0;1762;40; United_States;B
38; Self_emp_not_inc;120985; HS_grad;9; Married_civ_spouse; Craft_repair; Husband; White; Male;4386;0;35; United_States;B
37; Private;254202; Bachelors;13; Married_civ_spouse; Sales; Husband; White; Male;0;0;50; United_States;B
46; Private;146195; Assoc_acdm;12; Divorced; Tech_support; Not_in_family; Black; Female;0;0;36; United_States;B
38; Federal_gov;125933; Masters;14; Married_civ_spouse; Prof_specialty; Husband; White; Male;0;0;40; Iran;A
43; Self_emp_not_inc;56920; HS_grad;9; Married_civ_spouse; Craft_repair; Husband; White; Male;0;0;60; United_States;B
27; Private;163127; Assoc_voc;11; Married_civ_spouse; Adm_clerical; Wife; White; Female;0;0;35; United_States;B
20; Private;34310; Some_college;10; Never_married; Sales; Own_child; White; Male;0;0;20; United_States;B
49; Private;81973; Some_college;10; Married_civ_spouse; Craft_repair; Husband; Asian_Pac_Islander; Male;0;0;40; United_States;A
61; Self_emp_inc;66614; HS_grad;9; Married_civ_spouse; Craft_repair; Husband; White; Male;0;0;40; United_States;B
27; Private;232782; Some_college;10; Never_married; Sales; Own_child; White; Female;0;0;40; United_States;B
19; Private;316868; Some_college;10; Never_married; Other_service; Own_child; White; Male;0;0;30; Mexico;B
45; Private;196584; Assoc_voc;11; Never_married; Prof_specialty; Not_in_family; White; Female;0;1564;40; United_States;A
70; Private;105376; Some_college;10; Never_married; Tech_support; Other_relative; White; Male;0;0;40; United_States;B
31; Private;185814; HS_grad;9; Never_married; Transport_moving; Unmarried; Black; Female;0;0;30; United_States;B
22; Private;175374; Some_college;10; Married_civ_spouse; Other_service; Husband; White; Male;0;0;24; United_States;B
36; Private;108293; HS_grad;9; Widowed; Other_service; Unmarried; White; Female;0;0;24; United_States;B
64; Private;181232; 11th;7; Married_civ_spouse; Craft_repair; Husband; White; Male;0;2179;40; United_States;B
47; Local_gov;186009; Some_college;10; Divorced; Adm_clerical; Unmarried; White; Female;0;0;38; Mexico;B
34; Private;198183; HS_grad;9; Never_married; Adm_clerical; Not_in_family; White; Female;0;0;40; United_States;B
33; Private;163003; Bachelors;13; Never_married; Exec_managerial; Other_relative; Asian_Pac_Islander; Female;0;0;40; Philippines;B
21; Private;296158; HS_grad;9; Never_married; Craft_repair; Own_child; White; Male;0;0;35; United_States;B
48; Private;187715; HS_grad;9; Married_civ_spouse; Craft_repair; Husband; White; Male;0;0;46; United_States;B
23; Private;214542; Bachelors;13; Never_married; Handlers_cleaners; Not_in_family; White; Male;0;0;40; United_States;B
71; Self_emp_not_inc;494223; Some_college;10; Separated; Sales; Unmarried; Black; Male;0;1816;2; United_States;B
29; Private;191535; HS_grad;9; Divorced; Craft_repair; Not_in_family; White; Male;0;0;60; United_States;B
42; Private;228456; Bachelors;13; Separated; Other_service; Other_relative; Black; Male;0;0;50; United_States;B
25; Private;252752; HS_grad;9; Never_married; Other_service; Unmarried; White; Female;0;0;40; United_States;B
44; Self_emp_inc;78374; Masters;14; Divorced; Exec_managerial; Unmarried; Asian_Pac_Islander; Female;0;0;40; United_States;B
28; Private;88419; HS_grad;9; Never_married; Exec_managerial; Not_in_family; Asian_Pac_Islander; Female;0;0;40; England;B
45; Self_emp_not_inc;201080; Masters;14; Married_civ_spouse; Sales; Husband; White; Male;0;0;40; United_States;A
36; Private;207157; Some_college;10; Divorced; Other_service; Unmarried; White; Female;0;0;40; Mexico;B
39; Federal_gov;235485; Assoc_acdm;12; Never_married; Exec_managerial; Not_in_family; White; Male;0;0;42; United_States;B
46; State_gov;102628; Masters;14; Widowed; Protective_serv; Unmarried; White; Male;0;0;40; United_States;B
18; Private;25828; 11th;7; Never_married; Handlers_cleaners; Own_child; White; Male;0;0;16; United_States;B
66; Local_gov;54826; Assoc_voc;11; Widowed; Prof_specialty; Not_in_family; White; Female;0;0;20; United_States;B
27; Private;124953; HS_grad;9; Never_married; Other_service; Not_in_family; White; Male;0;1980;40; United_States;B
28; State_gov;175325; HS_grad;9; Married_civ_spouse; Protective_serv; Husband; White; Male;0;0;40; United_States;B
51; Private;96062; Some_college;10; Married_civ_spouse; Sales; Husband; White; Male;0;1977;40; United_States;A
27; Private;428030; Bachelors;13; Never_married; Craft_repair; Not_in_family; White; Male;0;0;50; United_States;B
28; State_gov;149624; Bachelors;13; Married_civ_spouse; Prof_specialty; Husband; White; Male;0;0;40; United_States;A
27; Private;253814; HS_grad;9; Married_spouse_absent; Sales; Unmarried; White; Female;0;0;25; United_States;B
21; Private;312956; HS_grad;9; Never_married; Craft_repair; Own_child; Black; Male;0;0;40; United_States;B
34; Private;483777; HS_grad;9; Never_married; Handlers_cleaners; Not_in_family; Black; Male;0;0;40; United_States;B
18; Private;183930; HS_grad;9; Never_married; Other_service; Own_child; White; Male;0;0;12; United_States;B
33; Private;37274; Bachelors;13; Married_civ_spouse; Prof_specialty; Husband; White; Male;0;0;65; United_States;B
44; Local_gov;181344; Some_college;10; Married_civ_spouse; Exec_managerial; Husband; Black; Male;0;0;38; United_States;A
43; Private;114580; Some_college;10; Divorced; Adm_clerical; Not_in_family; White; Female;0;0;40; United_States;B
30; Private;633742; Some_college;10; Never_married; Craft_repair; Not_in_family; Black; Male;0;0;45; United_States;B
40; Private;286370; 7th_8th;4; Married_civ_spouse; Machine_op_inspct; Husband; White; Male;0;0;40; Mexico;A
37; Federal_gov;29054; Some_college;10; Married_civ_spouse; Adm_clerical; Husband; White; Male;0;0;42; United_States;A
34; Private;304030; HS_grad;9; Married_civ_spouse; Adm_clerical; Husband; Black; Male;0;0;40; United_States;B
41; Self_emp_not_inc;143129; Bachelors;13; Divorced; Exec_managerial; Not_in_family; White; Female;0;0;40; United_States;B
31; Private;99928; Masters;14; Married_civ_spouse; Prof_specialty; Wife; White; Female;0;0;50; United_States;B
58; State_gov;109567; Doctorate;16; Married_civ_spouse; Prof_specialty; Husband; White; Male;0;0;1; United_States;A
38; Private;155222; Some_college;10; Divorced; Machine_op_inspct; Not_in_family; Black; Female;0;0;28; United_States;B
24; Private;159567; Some_college;10; Married_civ_spouse; Machine_op_inspct; Husband; White; Male;0;0;40; United_States;B
41; Local_gov;523910; Bachelors;13; Married_civ_spouse; Craft_repair; Husband; Black; Male;0;0;40; United_States;B
47; Private;120939; Some_college;10; Married_civ_spouse; Tech_support; Husband; White; Male;0;0;45; United_States;B
41; Federal_gov;130760; Bachelors;13; Married_civ_spouse; Tech_support; Husband; White; Male;0;0;24; United_States;B
23; Private;197387; 5th_6th;3; Married_civ_spouse; Transport_moving; Other_relative; White; Male;0;0;40; Mexico;B
36; Private;99374; Some_college;10; Divorced; Craft_repair; Not_in_family; White; Male;0;0;40; United_States;B
40; Federal_gov;56795; Masters;14; Never_married; Exec_managerial; Not_in_family; White; Female;14084;0;55; United_States;A
35; Private;138992; Masters;14; Married_civ_spouse; Prof_specialty; Other_relative; White; Male;7298;0;40; United_States;A
24; Self_emp_not_inc;32921; HS_grad;9; Never_married; Sales; Not_in_family; White; Male;0;0;40; United_States;B
26; Private;397317; Masters;14; Never_married; Prof_specialty; Not_in_family; White; Female;0;1876;40; United_States;B
51; Private;259323; Bachelors;13; Married_civ_spouse; Exec_managerial; Husband; White; Male;0;0;50; United_States;A
42; Local_gov;254817; Some_college;10; Never_married; Prof_specialty; Not_in_family; White; Female;0;1340;40; United_States;B
37; State_gov;48211; HS_grad;9; Divorced; Adm_clerical; Unmarried; White; Female;0;0;35; United_States;B
18; Private;140164; 11th;7; Never_married; Sales; Own_child; White; Female;0;0;40; United_States;B
36; Private;128757; Bachelors;13; Married_civ_spouse; Other_service; Husband; Black; Male;7298;0;36; United_States;A
35; Private;36270; HS_grad;9; Divorced; Craft_repair; Not_in_family; White; Male;0;0;60; United_States;B
58; Self_emp_inc;210563; HS_grad;9; Married_civ_spouse; Sales; Wife; White; Female;15024;0;35; United_States;A
17; Private;65368; 11th;7; Never_married; Sales; Own_child; White; Female;0;0;12; United_States;B
44; Local_gov;160943; HS_grad;9; Married_civ_spouse; Transport_moving; Husband; Black; Male;0;0;40; United_States;B
37; Private;208358; HS_grad;9; Married_civ_spouse; Craft_repair; Husband; White; Male;0;0;40; United_States;A
35; Private;153790; Some_college;10; Never_married; Sales; Not_in_family; Amer_Indian_Eskimo; Female;0;0;40; United_States;B
60; Private;85815; HS_grad;9; Married_civ_spouse; Craft_repair; Husband; Asian_Pac_Islander; Male;0;0;40; United_States;B
54; Self_emp_inc;125417; 7th_8th;4; Married_civ_spouse; Machine_op_inspct; Husband; White; Male;0;0;40; United_States;A
37; Private;635913; Bachelors;13; Never_married; Exec_managerial; Not_in_family; Black; Male;0;0;60; United_States;A
50; Private;313321; Assoc_acdm;12; Divorced; Sales; Not_in_family; White; Female;0;0;40; United_States;B
38; Private;182609; Bachelors;13; Married_civ_spouse; Sales; Husband; White; Male;0;0;50; Poland;B
45; Private;109434; Bachelors;13; Married_civ_spouse; Prof_specialty; Husband; White; Male;0;0;55; United_States;B
25; Private;255004; 10th;6; Never_married; Craft_repair; Not_in_family; White; Male;0;0;40; United_States;B
31; Private;197860; Some_college;10; Married_civ_spouse; Handlers_cleaners; Husband; White; Male;0;0;40; United_States;B
90; Private;51744; HS_grad;9; Never_married; Other_service; Not_in_family; Black; Male;0;2206;40; United_States;B
54; Private;176681; HS_grad;9; Married_civ_spouse; Adm_clerical; Husband; Black; Male;0;0;20; United_States;B
53; Local_gov;140359; Preschool;1; Never_married; Machine_op_inspct; Not_in_family; White; Female;0;0;35; United_States;B
18; Private;243313; HS_grad;9; Never_married; Sales; Own_child; White; Female;0;0;40; United_States;B
66; Self_emp_not_inc;167687; HS_grad;9; Married_civ_spouse; Farming_fishing; Husband; White; Male;1409;0;50; United_States;B
75; Private;314209; Assoc_voc;11; Widowed; Adm_clerical; Not_in_family; White; Female;0;0;20; Columbia;B
65; Private;176796; HS_grad;9; Divorced; Adm_clerical; Not_in_family; White; Female;0;0;40; United_States;B
35; Private;538583; 11th;7; Separated; Transport_moving; Not_in_family; Black; Male;3674;0;40; United_States;B
41; Private;130408; HS_grad;9; Divorced; Sales; Unmarried; Black; Female;0;0;38; United_States;B
25; Private;159732; Some_college;10; Never_married; Adm_clerical; Not_in_family; White; Male;0;0;42; United_States;B
33; Private;110978; Some_college;10; Divorced; Craft_repair; Other_relative; Other; Female;0;0;40; United_States;B
28; Private;76714; Prof_school;15; Never_married; Prof_specialty; Not_in_family; White; Male;0;0;55; United_States;A
59; State_gov;268700; HS_grad;9; Married_civ_spouse; Other_service; Husband; White; Male;0;0;40; United_States;B
40; State_gov;170525; Some_college;10; Never_married; Adm_clerical; Not_in_family; White; Female;0;0;38; United_States;B
41; Private;180138; Bachelors;13; Married_civ_spouse; Exec_managerial; Husband; White; Male;0;0;50; Iran;A
38; Local_gov;115076; Masters;14; Married_civ_spouse; Exec_managerial; Husband; White; Male;0;0;70; United_States;A
23; Private;115458; HS_grad;9; Never_married; Transport_moving; Own_child; White; Male;0;0;40; United_States;B
40; Private;347890; Bachelors;13; Married_civ_spouse; Prof_specialty; Husband; White; Male;0;0;40; United_States;A
41; Self_emp_not_inc;196001; HS_grad;9; Married_civ_spouse; Other_service; Wife; White; Female;0;0;20; United_States;B
24; State_gov;273905; Assoc_acdm;12; Married_civ_spouse; Protective_serv; Husband; White; Male;0;0;50; United_States;B
38; Private;179488; Some_college;10; Divorced; Craft_repair; Not_in_family; White; Male;0;1741;40; United_States;B
58; Private;236596; HS_grad;9; Married_civ_spouse; Adm_clerical; Husband; White; Male;0;0;45; United_States;A
32; Private;183916; HS_grad;9; Never_married; Other_service; Not_in_family; White; Female;0;0;34; United_States;B
40; Private;207578; Assoc_acdm;12; Married_civ_spouse; Tech_support; Husband; White; Male;0;1977;60; United_States;A
41; Private;112763; Prof_school;15; Married_civ_spouse; Prof_specialty; Wife; White; Female;0;0;40; United_States;A
42; Private;390781; Bachelors;13; Married_civ_spouse; Adm_clerical; Wife; Black; Female;0;0;40; United_States;B
59; Local_gov;171328; 10th;6; Widowed; Other_service; Unmarried; Black; Female;0;0;30; United_States;B
19; Local_gov;27382; Some_college;10; Never_married; Adm_clerical; Own_child; White; Male;0;0;40; United_States;B
58; Private;259014; Some_college;10; Never_married; Transport_moving; Not_in_family; White; Male;0;0;20; United_States;B
42; Self_emp_not_inc;303044; HS_grad;9; Married_civ_spouse; Farming_fishing; Husband; Asian_Pac_Islander; Male;0;0;40; Cambodia;A
20; Private;117789; HS_grad;9; Never_married; Other_service; Own_child; White; Female;0;0;40; United_States;B
32; Private;172579; HS_grad;9; Separated; Other_service; Not_in_family; White; Female;0;0;30; United_States;B
45; Private;187666; Assoc_voc;11; Widowed; Exec_managerial; Not_in_family; White; Female;0;0;45; United_States;B
50; Private;204518; 7th_8th;4; Divorced; Craft_repair; Not_in_family; White; Male;0;0;40; United_States;B
36; Private;150042; Bachelors;13; Divorced; Prof_specialty; Own_child; White; Female;0;0;40; United_States;B
45; Private;98092; HS_grad;9; Married_civ_spouse; Sales; Husband; White; Male;0;0;60; United_States;B
17; Private;245918; 11th;7; Never_married; Other_service; Own_child; White; Male;0;0;12; United_States;B
59; Private;146013; Some_college;10; Married_civ_spouse; Sales; Husband; White; Male;4064;0;40; United_States;B
26; Private;378322; 11th;7; Married_civ_spouse; Craft_repair; Husband; White; Male;0;0;40; United_States;B
37; Self_emp_inc;257295; Some_college;10; Married_civ_spouse; Exec_managerial; Husband; Asian_Pac_Islander; Male;0;0;75; Thailand;A
64; Private;21174; HS_grad;9; Married_civ_spouse; Exec_managerial; Husband; White; Male;0;0;40; United_States;A
33; Private;185480; Bachelors;13; Never_married; Prof_specialty; Not_in_family; White; Female;0;0;45; United_States;B
33; Private;222205; HS_grad;9; Married_civ_spouse; Craft_repair; Wife; White; Female;0;0;40; United_States;A
61; Private;69867; HS_grad;9; Married_civ_spouse; Exec_managerial; Husband; White; Male;0;0;40; United_States;A
17; Private;191260; 9th;5; Never_married; Other_service; Own_child; White; Male;1055;0;24; United_States;B
50; Self_emp_not_inc;30653; Masters;14; Married_civ_spouse; Farming_fishing; Husband; White; Male;2407;0;98; United_States;B
27; Local_gov;209109; Masters;14; Never_married; Prof_specialty; Own_child; White; Male;0;0;35; United_States;B
30; Private;70377; HS_grad;9; Divorced; Prof_specialty; Own_child; White; Female;0;0;40; United_States;B
43; Private;477983; HS_grad;9; Married_civ_spouse; Handlers_cleaners; Husband; Black; Male;0;0;40; United_States;B
44; Private;170924; Some_college;10; Married_civ_spouse; Craft_repair; Husband; White; Male;7298;0;40; United_States;A
35; Private;190174; Some_college;10; Never_married; Exec_managerial; Not_in_family; White; Female;0;0;40; United_States;B
25; Private;193787; Some_college;10; Never_married; Tech_support; Own_child; White; Female;0;0;40; United_States;B
24; Private;279472; Some_college;10; Married_civ_spouse; Machine_op_inspct; Wife; White; Female;7298;0;48; United_States;A
22; Private;34918; Bachelors;13; Never_married; Prof_specialty; Not_in_family; White; Female;0;0;15; Germany;B
42; Local_gov;97688; Some_college;10; Married_civ_spouse; Craft_repair; Husband; White; Male;5178;0;40; United_States;A
34; Private;175413; Assoc_acdm;12; Divorced; Sales; Unmarried; Black; Female;0;0;45; United_States;B
60; Private;173960; Bachelors;13; Divorced; Prof_specialty; Not_in_family; White; Female;0;0;42; United_States;B
21; Private;205759; HS_grad;9; Never_married; Handlers_cleaners; Own_child; White; Male;0;0;40; United_States;B
57; Federal_gov;425161; Masters;14; Married_civ_spouse; Sales; Husband; White; Male;15024;0;40; United_States;A
41; Private;220531; Prof_school;15; Married_civ_spouse; Prof_specialty; Husband; White; Male;0;0;60; United_States;A
50; Private;176609; Some_college;10; Divorced; Other_service; Not_in_family; White; Male;0;0;45; United_States;B
25; Private;371987; Bachelors;13; Never_married; Exec_managerial; Not_in_family; White; Female;0;0;40; United_States;B
50; Private;193884; 7th_8th;4; Married_civ_spouse; Craft_repair; Husband; White; Male;0;0;40; Ecuador;B
36; Private;200352; Bachelors;13; Married_civ_spouse; Prof_specialty; Husband; White; Male;0;0;45; United_States;B
31; Private;127595; HS_grad;9; Divorced; Prof_specialty; Not_in_family; White; Female;0;0;40; United_States;B
29; Local_gov;220419; Bachelors;13; Never_married; Protective_serv; Not_in_family; White; Male;0;0;56; United_States;B
21; Private;231931; Some_college;10; Never_married; Sales; Own_child; White; Male;0;0;45; United_States;B
27; Private;248402; Bachelors;13; Never_married; Tech_support; Unmarried; Black; Female;0;0;40; United_States;B
65; Private;111095; HS_grad;9; Married_civ_spouse; Transport_moving; Husband; White; Male;0;0;16; United_States;B
37; Self_emp_inc;57424; Bachelors;13; Divorced; Sales; Not_in_family; White; Female;0;0;60; United_States;B
24; Private;278130; HS_grad;9; Never_married; Craft_repair; Own_child; White; Male;0;0;40; United_States;B
38; Private;169469; HS_grad;9; Divorced; Sales; Not_in_family; White; Male;0;0;80; United_States;B
48; Private;146268; Bachelors;13; Married_civ_spouse; Adm_clerical; Husband; White; Male;7688;0;40; United_States;A
21; Private;153718; Some_college;10; Never_married; Other_service; Not_in_family; Asian_Pac_Islander; Female;0;0;25; United_States;B
31; Private;217460; HS_grad;9; Married_civ_spouse; Transport_moving; Husband; White; Male;0;0;45; United_States;A
55; Private;238638; HS_grad;9; Married_civ_spouse; Sales; Husband; White; Male;4386;0;40; United_States;A
24; Private;303296; Some_college;10; Married_civ_spouse; Adm_clerical; Wife; Asian_Pac_Islander; Female;0;0;40; Laos;B
43; Private;173321; HS_grad;9; Divorced; Adm_clerical; Not_in_family; White; Female;0;0;40; United_States;B
26; Private;193945; Assoc_acdm;12; Never_married; Tech_support; Not_in_family; White; Male;0;0;45; United_States;B
46; Private;83082; Assoc_acdm;12; Never_married; Prof_specialty; Not_in_family; White; Female;0;0;33; United_States;B
35; Private;193815; Assoc_acdm;12; Married_civ_spouse; Adm_clerical; Husband; White; Male;0;0;40; United_States;A
41; Self_emp_inc;34987; Some_college;10; Married_civ_spouse; Farming_fishing; Husband; White; Male;0;0;54; United_States;A
26; Private;59306; Bachelors;13; Never_married; Sales; Not_in_family; White; Male;0;0;40; United_States;B
34; Private;142897; Masters;14; Married_civ_spouse; Exec_managerial; Husband; Asian_Pac_Islander; Male;7298;0;35; Taiwan;A
36; Self_emp_not_inc;205607; Bachelors;13; Divorced; Prof_specialty; Not_in_family; Black; Female;0;0;40; United_States;A
22; Private;199698; Some_college;10; Never_married; Sales; Own_child; White; Male;0;0;15; United_States;B
24; Private;191954; Some_college;10; Never_married; Machine_op_inspct; Not_in_family; White; Male;0;0;40; United_States;B
77; Self_emp_not_inc;138714; Some_college;10; Married_civ_spouse; Sales; Husband; White; Male;0;0;40; United_States;B
22; Private;399087; 5th_6th;3; Married_civ_spouse; Machine_op_inspct; Other_relative; White; Female;0;0;40; Mexico;B
29; Private;423158; Some_college;10; Never_married; Tech_support; Not_in_family; White; Female;0;0;40; United_States;B
62; Private;159841; HS_grad;9; Widowed; Other_service; Not_in_family; White; Female;0;0;24; United_States;B
39; Self_emp_not_inc;174308; HS_grad;9; Married_civ_spouse; Exec_managerial; Husband; White; Male;0;0;40; United_States;B
43; Private;50356; Some_college;10; Married_civ_spouse; Craft_repair; Husband; White; Male;0;1485;50; United_States;B
35; Private;186110; HS_grad;9; Divorced; Transport_moving; Not_in_family; White; Male;0;0;45; United_States;B
29; Private;200381; 11th;7; Never_married; Exec_managerial; Not_in_family; White; Female;0;0;40; United_States;B
76; Self_emp_not_inc;174309; Masters;14; Married_civ_spouse; Craft_repair; Husband; White; Male;0;0;10; United_States;B
63; Self_emp_not_inc;78383; HS_grad;9; Married_civ_spouse; Farming_fishing; Husband; White; Male;0;0;45; United_States;B
43; Private;187728; Some_college;10; Married_civ_spouse; Prof_specialty; Wife; White; Female;0;1887;50; United_States;A
58; Self_emp_not_inc;321171; HS_grad;9; Married_civ_spouse; Handlers_cleaners; Husband; White; Male;0;0;40; United_States;B
66; Private;127921; HS_grad;9; Never_married; Transport_moving; Not_in_family; White; Male;2050;0;55; United_States;B
41; Private;206565; Some_college;10; Never_married; Craft_repair; Not_in_family; Black; Male;0;0;45; United_States;B
26; Private;224563; Bachelors;13; Never_married; Adm_clerical; Not_in_family; White; Male;0;0;40; United_States;B
47; Private;178686; Assoc_voc;11; Never_married; Other_service; Not_in_family; White; Male;0;0;40; United_States;B
55; Local_gov;98545; 10th;6; Married_civ_spouse; Adm_clerical; Husband; White; Male;0;0;40; United_States;B
53; Private;242606; HS_grad;9; Married_civ_spouse; Transport_moving; Husband; White; Male;0;0;40; United_States;B
17; Private;270942; 5th_6th;3; Never_married; Other_service; Other_relative; White; Male;0;0;48; Mexico;B
30; Private;94235; HS_grad;9; Never_married; Craft_repair; Other_relative; White; Male;0;0;40; United_States;B
49; Private;71195; Masters;14; Never_married; Prof_specialty; Not_in_family; White; Male;0;0;60; United_States;B
19; Private;104112; HS_grad;9; Never_married; Sales; Unmarried; Black; Male;0;0;30; Haiti;B
45; Private;261192; HS_grad;9; Married_civ_spouse; Other_service; Husband; Black; Male;0;0;40; United_States;B
26; Private;94936; Assoc_acdm;12; Never_married; Sales; Not_in_family; White; Male;0;0;40; United_States;B
38; Private;296478; Assoc_voc;11; Married_civ_spouse; Craft_repair; Husband; White; Male;7298;0;40; United_States;A
36; State_gov;119272; HS_grad;9; Married_civ_spouse; Protective_serv; Husband; White; Male;7298;0;40; United_States;A
33; Private;85043; HS_grad;9; Never_married; Farming_fishing; Not_in_family; White; Male;0;0;20; United_States;B
22; State_gov;293364; Some_college;10; Never_married; Protective_serv; Own_child; Black; Female;0;0;40; United_States;B
43; Self_emp_not_inc;241895; Bachelors;13; Never_married; Sales; Not_in_family; White; Male;0;0;42; United_States;B
56; Private;101128; Assoc_acdm;12; Married_spouse_absent; Other_service; Not_in_family; White; Male;0;0;25; Iran;B
31; Private;156464; Bachelors;13; Never_married; Prof_specialty; Own_child; White; Male;0;0;25; United_States;B
33; Private;117963; Bachelors;13; Married_civ_spouse; Exec_managerial; Husband; White; Male;0;0;40; United_States;A
26; Private;192262; HS_grad;9; Married_civ_spouse; Other_service; Husband; White; Male;0;0;40; United_States;B
33; Private;111363; Bachelors;13; Married_civ_spouse; Exec_managerial; Husband; White; Male;0;0;40; United_States;A
46; Local_gov;329752; 11th;7; Married_civ_spouse; Transport_moving; Husband; White; Male;0;0;30; United_States;B
38; Federal_gov;95432; HS_grad;9; Married_civ_spouse; Adm_clerical; Husband; White; Male;0;0;40; United_States;A
65; Private;161400; 11th;7; Widowed; Other_service; Unmarried; Other; Male;0;0;40; United_States;B
40; Private;96129; Assoc_voc;11; Married_civ_spouse; Tech_support; Husband; White; Male;0;0;40; United_States;A
42; Private;111949; HS_grad;9; Married_civ_spouse; Adm_clerical; Wife; White; Female;0;0;35; United_States;B
26; Self_emp_not_inc;117125; 9th;5; Married_civ_spouse; Craft_repair; Husband; White; Male;0;0;40; Portugal;B
36; Private;348022; 10th;6; Married_civ_spouse; Other_service; Wife; White; Female;0;0;24; United_States;B
62; Private;270092; Masters;14; Married_civ_spouse; Prof_specialty; Husband; White; Male;0;0;40; United_States;A
43; Private;180609; Bachelors;13; Married_civ_spouse; Transport_moving; Husband; White; Male;0;0;45; United_States;B
43; Private;174575; Bachelors;13; Divorced; Exec_managerial; Not_in_family; White; Male;0;1564;45; United_States;A
22; Private;410439; HS_grad;9; Married_spouse_absent; Sales; Not_in_family; White; Male;0;0;55; United_States;B
28; Private;92262; HS_grad;9; Married_civ_spouse; Craft_repair; Husband; White; Male;0;0;40; United_States;B
56; Self_emp_not_inc;183081; Some_college;10; Married_civ_spouse; Sales; Husband; White; Male;0;0;45; United_States;B
22; Private;362589; Assoc_acdm;12; Never_married; Sales; Not_in_family; White; Female;0;0;15; United_States;B
57; Private;212448; Bachelors;13; Divorced; Exec_managerial; Not_in_family; White; Female;0;0;45; United_States;A
39; Private;481060; HS_grad;9; Divorced; Sales; Unmarried; White; Female;0;0;40; United_States;B
26; Federal_gov;185885; Some_college;10; Never_married; Adm_clerical; Unmarried; White; Female;0;0;15; United_States;B
17; Private;89821; 11th;7; Never_married; Other_service; Own_child; White; Male;0;0;10; United_States;B
40; State_gov;184018; Assoc_voc;11; Married_civ_spouse; Machine_op_inspct; Husband; White; Male;0;0;38; United_States;A
45; Private;256649; HS_grad;9; Married_civ_spouse; Machine_op_inspct; Husband; Black; Male;0;0;40; United_States;B
44; Private;160323; HS_grad;9; Never_married; Craft_repair; Not_in_family; Black; Male;0;0;40; United_States;B
20; Local_gov;350845; Some_college;10; Never_married; Adm_clerical; Own_child; White; Female;0;0;10; United_States;B
33; Private;267404; HS_grad;9; Married_civ_spouse; Craft_repair; Wife; White; Female;0;0;40; United_States;B
23; Private;35633; Some_college;10; Never_married; Sales; Not_in_family; White; Male;0;0;40; United_States;B
46; Self_emp_not_inc;80914; Masters;14; Divorced; Exec_managerial; Not_in_family; White; Male;0;0;30; United_States;B
38; Private;172927; HS_grad;9; Married_civ_spouse; Sales; Husband; White; Male;0;0;50; United_States;B
54; Private;174319; HS_grad;9; Divorced; Transport_moving; Not_in_family; White; Male;0;0;40; United_States;B
46; Private;214955; 5th_6th;3; Divorced; Craft_repair; Not_in_family; White; Female;0;2339;45; United_States;B
25; Private;344991; Some_college;10; Married_civ_spouse; Craft_repair; Husband; White; Male;0;0;40; United_States;B
46; Private;108699; Some_college;10; Divorced; Sales; Not_in_family; White; Female;0;0;40; United_States;B
36; Local_gov;117312; Some_college;10; Married_civ_spouse; Transport_moving; Wife; White; Female;0;0;40; United_States;B
23; Private;396099; HS_grad;9; Never_married; Other_service; Not_in_family; White; Female;0;0;25; United_States;B
29; Private;134152; HS_grad;9; Separated; Machine_op_inspct; Not_in_family; White; Male;0;0;40; United_States;B
44; Private;162028; Some_college;10; Married_civ_spouse; Adm_clerical; Wife; White; Female;0;2415;6; United_States;A
19; Private;25429; Some_college;10; Never_married; Adm_clerical; Own_child; White; Female;0;0;16; United_States;B
19; Private;232392; HS_grad;9; Never_married; Other_service; Other_relative; White; Female;0;0;40; United_States;B
35; Private;220098; HS_grad;9; Married_civ_spouse; Other_service; Wife; White; Female;0;0;40; United_States;A
27; Private;301302; Bachelors;13; Never_married; Craft_repair; Not_in_family; White; Male;0;0;50; United_States;B
46; Self_emp_not_inc;277946; Assoc_acdm;12; Separated; Craft_repair; Not_in_family; White; Male;0;0;40; United_States;B
34; Private;196164; HS_grad;9; Never_married; Other_service; Not_in_family; White; Female;0;0;35; United_States;B
44; Private;115562; Some_college;10; Married_civ_spouse; Tech_support; Husband; White; Male;0;0;40; United_States;B
45; Private;96975; Some_college;10; Divorced; Handlers_cleaners; Unmarried; White; Female;0;0;40; United_States;B
25; Private;86872; Bachelors;13; Married_civ_spouse; Exec_managerial; Husband; White; Male;0;0;55; United_States;A
52; Self_emp_inc;132178; Bachelors;13; Married_civ_spouse; Exec_managerial; Husband; White; Male;0;0;50; United_States;A
20; Private;416103; Some_college;10; Never_married; Handlers_cleaners; Own_child; White; Male;0;0;40; United_States;B
28; Private;108574; Some_college;10; Never_married; Other_service; Not_in_family; White; Female;0;0;40; United_States;B
50; State_gov;288353; Bachelors;13; Married_civ_spouse; Protective_serv; Husband; White; Male;0;0;40; United_States;A
34; Private;227689; Assoc_voc;11; Divorced; Tech_support; Not_in_family; White; Female;0;0;64; United_States;B
28; Private;166481; 7th_8th;4; Married_civ_spouse; Handlers_cleaners; Husband; Other; Male;0;2179;40; Puerto_Rico;B
41; Private;445382; Masters;14; Married_civ_spouse; Exec_managerial; Husband; White; Male;0;1977;65; United_States;A
28; Private;110145; HS_grad;9; Married_civ_spouse; Adm_clerical; Husband; White; Male;0;0;40; United_States;B
46; Self_emp_not_inc;317253; HS_grad;9; Married_civ_spouse; Craft_repair; Husband; White; Male;0;0;25; United_States;B
32; Private;364657; Some_college;10; Married_civ_spouse; Exec_managerial; Husband; White; Male;0;0;50; United_States;B
41; Local_gov;42346; Some_college;10; Divorced; Other_service; Not_in_family; Black; Female;0;0;24; United_States;B
24; Private;241951; HS_grad;9; Never_married; Handlers_cleaners; Unmarried; Black; Female;0;0;40; United_States;B
33; Private;118500; Some_college;10; Divorced; Exec_managerial; Unmarried; White; Female;0;0;40; United_States;B
46; Private;188386; Doctorate;16; Married_civ_spouse; Exec_managerial; Husband; White; Male;15024;0;60; United_States;A
31; State_gov;1033222; Some_college;10; Married_civ_spouse; Machine_op_inspct; Husband; White; Male;0;0;40; United_States;B
35; Private;92440; 12th;8; Divorced; Craft_repair; Not_in_family; White; Male;0;0;50; United_States;A
52; Private;190762; 1st_4th;2; Married_civ_spouse; Machine_op_inspct; Husband; White; Male;0;0;40; Mexico;B
30; Private;426017; 11th;7; Never_married; Other_service; Own_child; White; Female;0;0;19; United_States;B
34; Local_gov;243867; 11th;7; Separated; Machine_op_inspct; Not_in_family; Black; Male;0;0;40; United_States;B
34; State_gov;240283; HS_grad;9; Divorced; Transport_moving; Unmarried; White; Female;0;0;40; United_States;B
20; Private;61777; Some_college;10; Married_civ_spouse; Sales; Husband; White; Male;0;0;30; United_States;B
17; Private;175024; 11th;7; Never_married; Handlers_cleaners; Own_child; White; Male;2176;0;18; United_States;B
32; State_gov;92003; Bachelors;13; Married_civ_spouse; Exec_managerial; Wife; White; Female;0;0;40; United_States;A
29; Private;188401; HS_grad;9; Divorced; Farming_fishing; Not_in_family; White; Male;0;0;40; United_States;B
33; Private;228528; 10th;6; Never_married; Craft_repair; Unmarried; White; Female;0;0;35; United_States;B
25; Private;133373; HS_grad;9; Married_civ_spouse; Transport_moving; Husband; White; Male;0;0;60; United_States;B
36; Federal_gov;255191; Masters;14; Never_married; Prof_specialty; Not_in_family; White; Male;0;1408;40; United_States;B
23; Private;204653; HS_grad;9; Never_married; Handlers_cleaners; Not_in_family; White; Male;0;0;72; Dominican_Republic;B
63; Self_emp_inc;222289; HS_grad;9; Married_civ_spouse; Exec_managerial; Husband; White; Male;0;0;40; United_States;A
47; Local_gov;287480; Masters;14; Married_civ_spouse; Prof_specialty; Husband; White; Male;0;0;40; United_States;B
40; Self_emp_not_inc;204116; Bachelors;13; Married_spouse_absent; Prof_specialty; Not_in_family; White; Female;2174;0;40; United_States;B
30; Private;29662; Assoc_acdm;12; Married_civ_spouse; Other_service; Wife; White; Female;0;0;25; United_States;A
27; Private;116358; Some_college;10; Never_married; Craft_repair; Own_child; Asian_Pac_Islander; Male;0;1980;40; Philippines;B
33; Private;208405; Masters;14; Married_civ_spouse; Prof_specialty; Husband; White; Male;0;0;50; United_States;A
34; Local_gov;284843; HS_grad;9; Never_married; Farming_fishing; Not_in_family; Black; Male;594;0;60; United_States;B
34; Local_gov;117018; Some_college;10; Never_married; Protective_serv; Not_in_family; White; Female;0;0;40; United_States;B
23; Private;81281; Some_college;10; Married_civ_spouse; Adm_clerical; Husband; White; Male;0;0;40; United_States;B
42; Local_gov;340148; Some_college;10; Married_civ_spouse; Adm_clerical; Wife; White; Female;0;0;40; United_States;B
29; Private;363425; Bachelors;13; Never_married; Prof_specialty; Not_in_family; White; Male;0;0;40; United_States;B
45; Private;45857; HS_grad;9; Divorced; Adm_clerical; Not_in_family; White; Female;0;0;28; United_States;B
24; Federal_gov;191073; HS_grad;9; Never_married; Armed_Forces; Own_child; White; Male;0;0;40; United_States;B
44; Private;116632; Some_college;10; Married_civ_spouse; Prof_specialty; Husband; White; Male;0;0;40; United_States;A
27; Private;405855; 9th;5; Never_married; Craft_repair; Other_relative; White; Male;0;0;40; Mexico;B
20; Private;298227; Some_college;10; Never_married; Sales; Not_in_family; White; Male;0;0;35; United_States;B
44; Private;290521; HS_grad;9; Widowed; Exec_managerial; Unmarried; Black; Female;0;0;40; United_States;B
51; Private;56915; HS_grad;9; Married_civ_spouse; Craft_repair; Husband; Amer_Indian_Eskimo; Male;0;0;40; United_States;B
20; Private;146538; HS_grad;9; Married_civ_spouse; Machine_op_inspct; Husband; White; Male;0;0;40; United_States;B
19; Private;206399; HS_grad;9; Never_married; Machine_op_inspct; Own_child; Black; Female;0;0;40; United_States;B
45; Self_emp_inc;197332; Some_college;10; Married_civ_spouse; Craft_repair; Husband; White; Male;0;0;55; United_States;A
60; Private;245062; HS_grad;9; Married_civ_spouse; Craft_repair; Husband; White; Male;0;0;40; United_States;A
44; Self_emp_not_inc;234885; HS_grad;9; Married_civ_spouse; Sales; Wife; White; Female;0;0;40; United_States;A
40; Private;72887; Assoc_voc;11; Married_civ_spouse; Machine_op_inspct; Husband; Asian_Pac_Islander; Male;0;0;40; United_States;A
30; Private;180374; HS_grad;9; Married_civ_spouse; Exec_managerial; Wife; White; Female;0;0;40; United_States;B
38; Private;351299; Some_college;10; Married_civ_spouse; Transport_moving; Husband; Black; Male;0;0;50; United_States;B
23; Private;54012; HS_grad;9; Married_civ_spouse; Transport_moving; Husband; White; Male;0;0;60; United_States;B
44; Private;116632; Assoc_acdm;12; Never_married; Farming_fishing; Own_child; White; Male;0;0;40; United_States;B
54; Local_gov;288825; HS_grad;9; Married_civ_spouse; Transport_moving; Husband; Black; Male;0;0;40; United_States;B
32; Private;132601; Bachelors;13; Married_civ_spouse; Prof_specialty; Husband; White; Male;0;0;50; United_States;B
50; Private;193374; 1st_4th;2; Married_spouse_absent; Craft_repair; Unmarried; White; Male;0;0;40; United_States;B
24; Private;170070; Bachelors;13; Never_married; Tech_support; Not_in_family; White; Female;0;0;20; United_States;B
37; Private;126708; HS_grad;9; Married_civ_spouse; Adm_clerical; Wife; White; Female;0;0;60; United_States;B
52; Private;35598; HS_grad;9; Divorced; Transport_moving; Unmarried; White; Male;0;0;40; United_States;B
38; Private;33983; Some_college;10; Married_civ_spouse; Transport_moving; Husband; White; Male;0;0;40; United_States;B
49; Private;192776; Masters;14; Married_civ_spouse; Exec_managerial; Husband; White; Male;0;1977;45; United_States;A
30; Private;118551; Bachelors;13; Married_civ_spouse; Tech_support; Wife; White; Female;0;0;16; United_States;A
60; Private;201965; Some_college;10; Never_married; Prof_specialty; Unmarried; White; Male;0;0;40; United_States;A
35; Private;285020; HS_grad;9; Never_married; Craft_repair; Not_in_family; White; Male;0;0;40; United_States;B
30; Private;303990; HS_grad;9; Never_married; Transport_moving; Not_in_family; White; Male;0;0;60; United_States;B
67; Private;49401; Assoc_voc;11; Divorced; Other_service; Not_in_family; White; Female;0;0;24; United_States;B
46; Private;279196; Bachelors;13; Never_married; Craft_repair; Not_in_family; White; Female;0;0;40; United_States;B
17; Private;211870; 9th;5; Never_married; Other_service; Not_in_family; White; Male;0;0;6; United_States;B
22; Private;281432; Some_college;10; Never_married; Handlers_cleaners; Own_child; White; Male;0;0;30; United_States;B
27; Private;161155; 10th;6; Never_married; Other_service; Not_in_family; White; Male;0;0;40; United_States;B
23; Private;197904; HS_grad;9; Never_married; Other_service; Unmarried; White; Female;0;0;35; United_States;B
33; Private;111746; Assoc_acdm;12; Married_civ_spouse; Craft_repair; Husband; White; Male;0;0;45; Portugal;B
43; Self_emp_not_inc;170721; Some_college;10; Married_civ_spouse; Craft_repair; Husband; White; Male;0;0;20; United_States;B
28; State_gov;70100; Bachelors;13; Never_married; Prof_specialty; Not_in_family; White; Male;0;0;20; United_States;B
41; Private;193626; HS_grad;9; Married_spouse_absent; Craft_repair; Unmarried; White; Female;0;0;40; United_States;B
25; Private;189775; Some_college;10; Married_spouse_absent; Adm_clerical; Own_child; Black; Female;0;0;20; United_States;B
59; Local_gov;286967; HS_grad;9; Married_civ_spouse; Transport_moving; Husband; White; Male;0;0;45; United_States;B
45; Local_gov;164427; Bachelors;13; Divorced; Prof_specialty; Unmarried; White; Female;0;0;40; United_States;B
38; Private;91039; Bachelors;13; Married_civ_spouse; Sales; Husband; White; Male;15024;0;60; United_States;A
40; Private;347934; HS_grad;9; Never_married; Other_service; Not_in_family; White; Female;0;0;35; United_States;B
46; Federal_gov;371373; HS_grad;9; Divorced; Adm_clerical; Not_in_family; White; Male;0;0;40; United_States;B
35; Private;32220; Assoc_acdm;12; Never_married; Exec_managerial; Not_in_family; White; Female;0;0;60; United_States;B
34; Private;187251; HS_grad;9; Divorced; Prof_specialty; Unmarried; White; Female;0;0;25; United_States;B
33; Private;178107; Bachelors;13; Never_married; Craft_repair; Own_child; White; Male;0;0;20; United_States;B
41; Private;343121; HS_grad;9; Divorced; Adm_clerical; Unmarried; White; Female;0;0;36; United_States;B
20; Private;262749; Some_college;10; Never_married; Machine_op_inspct; Own_child; White; Male;0;0;40; United_States;B
23; Private;403107; 5th_6th;3; Never_married; Other_service; Own_child; White; Male;0;0;40; El_Salvador;B
26; Private;64293; Some_college;10; Never_married; Prof_specialty; Not_in_family; White; Female;0;0;35; United_States;B
23; Local_gov;324960; HS_grad;9; Never_married; Farming_fishing; Not_in_family; White; Male;0;0;40; Poland;B
62; Local_gov;114060; HS_grad;9; Married_civ_spouse; Transport_moving; Husband; White; Male;0;0;40; United_States;B
52; Private;48925; Some_college;10; Married_civ_spouse; Adm_clerical; Husband; White; Male;0;0;40; United_States;B
58; Private;180980; Some_college;10; Divorced; Other_service; Unmarried; White; Female;0;0;42; France;B
25; Private;181054; Bachelors;13; Never_married; Sales; Not_in_family; White; Female;0;0;40; United_States;B
24; Private;388093; Bachelors;13; Never_married; Exec_managerial; Not_in_family; Black; Male;0;0;40; United_States;B
19; Private;249609; Some_college;10; Never_married; Protective_serv; Own_child; White; Male;0;0;8; United_States;B
43; Private;112131; Some_college;10; Married_civ_spouse; Exec_managerial; Husband; White; Male;0;0;40; United_States;B
47; Local_gov;543162; HS_grad;9; Separated; Adm_clerical; Unmarried; Black; Female;0;0;40; United_States;B
39; Private;91996; HS_grad;9; Divorced; Other_service; Unmarried; White; Female;0;0;40; United_States;B
49; Private;141944; Assoc_voc;11; Married_spouse_absent; Handlers_cleaners; Unmarried; White; Male;0;1380;42; United_States;B
32; Private;37070; Assoc_voc;11; Never_married; Craft_repair; Not_in_family; White; Male;0;0;45; United_States;B
34; Private;337587; Some_college;10; Married_civ_spouse; Prof_specialty; Husband; White; Male;0;0;50; United_States;A
28; Private;189346; HS_grad;9; Divorced; Craft_repair; Not_in_family; White; Male;0;0;45; United_States;B
25; Private;267044; Some_college;10; Never_married; Adm_clerical; Not_in_family; Amer_Indian_Eskimo; Female;0;0;20; United_States;B
34; Private;108116; Bachelors;13; Married_civ_spouse; Prof_specialty; Husband; White; Male;0;0;50; United_States;A
38; Self_emp_inc;99146; Bachelors;13; Married_civ_spouse; Exec_managerial; Husband; White; Male;15024;0;80; United_States;A
50; Private;196232; HS_grad;9; Married_civ_spouse; Exec_managerial; Husband; White; Male;7688;0;50; United_States;A
24; Local_gov;248344; Some_college;10; Divorced; Handlers_cleaners; Not_in_family; Black; Male;0;0;50; United_States;B
37; Local_gov;186035; Some_college;10; Married_civ_spouse; Tech_support; Husband; White; Male;0;0;45; United_States;A
44; Private;177905; Some_college;10; Divorced; Machine_op_inspct; Unmarried; White; Male;0;0;58; United_States;A
28; Private;85812; Some_college;10; Married_civ_spouse; Sales; Wife; White; Female;0;0;40; United_States;B
42; Private;221172; Bachelors;13; Married_civ_spouse; Exec_managerial; Husband; White; Male;0;0;40; United_States;A
74; Private;99183; Some_college;10; Divorced; Adm_clerical; Not_in_family; White; Female;0;0;9; United_States;B
38; Self_emp_not_inc;190387; HS_grad;9; Married_civ_spouse; Craft_repair; Husband; White; Male;0;0;50; United_States;B
44; Self_emp_not_inc;202692; Masters;14; Married_civ_spouse; Prof_specialty; Husband; White; Male;0;0;40; United_States;B
44; Private;109339; 11th;7; Divorced; Machine_op_inspct; Unmarried; Other; Female;0;0;46; Puerto_Rico;B
26; Private;108658; HS_grad;9; Never_married; Machine_op_inspct; Not_in_family; White; Male;0;0;40; United_States;B
36; Private;197202; HS_grad;9; Married_civ_spouse; Other_service; Husband; Black; Male;0;0;40; United_States;B
41; Private;101739; Assoc_acdm;12; Married_civ_spouse; Exec_managerial; Wife; White; Female;0;0;50; United_States;A
67; Private;231559; Prof_school;15; Married_civ_spouse; Prof_specialty; Husband; White; Male;20051;0;48; United_States;A
39; Local_gov;207853; 12th;8; Married_civ_spouse; Tech_support; Husband; White; Male;0;0;50; United_States;B
57; Private;190942; 1st_4th;2; Widowed; Priv_house_serv; Not_in_family; Black; Female;0;0;30; United_States;B
29; Private;102345; Assoc_voc;11; Separated; Craft_repair; Not_in_family; White; Male;0;0;40; United_States;B
31; Self_emp_inc;41493; Bachelors;13; Never_married; Farming_fishing; Not_in_family; White; Female;0;0;45; United_States;B
44; Private;210525; Some_college;10; Married_civ_spouse; Transport_moving; Husband; White; Male;0;0;40; United_States;B
29; Private;133937; Doctorate;16; Never_married; Prof_specialty; Own_child; White; Male;0;0;40; United_States;B
30; Private;237903; Some_college;10; Never_married; Handlers_cleaners; Unmarried; White; Female;0;0;40; United_States;B
27; Private;163862; HS_grad;9; Never_married; Transport_moving; Not_in_family; White; Male;0;0;40; United_States;B
27; Private;201872; Some_college;10; Married_civ_spouse; Sales; Husband; White; Male;0;0;50; United_States;B
32; Private;84179; HS_grad;9; Never_married; Handlers_cleaners; Not_in_family; White; Female;0;0;45; United_States;B
58; Private;51662; 10th;6; Married_civ_spouse; Other_service; Wife; White; Female;0;0;8; United_States;B
35; Local_gov;233327; Some_college;10; Married_civ_spouse; Protective_serv; Husband; White; Male;0;0;40; United_States;B
21; Private;259510; HS_grad;9; Never_married; Handlers_cleaners; Own_child; White; Male;0;0;36; United_States;B
28; Private;184831; Some_college;10; Never_married; Craft_repair; Unmarried; White; Male;0;0;40; United_States;B
46; Self_emp_not_inc;245724; Some_college;10; Divorced; Exec_managerial; Not_in_family; White; Male;0;0;50; United_States;B
36; Self_emp_not_inc;27053; HS_grad;9; Separated; Other_service; Unmarried; White; Female;0;0;40; United_States;B
72; Private;205343; 11th;7; Widowed; Adm_clerical; Unmarried; White; Female;0;0;40; United_States;B
35; Private;229328; HS_grad;9; Married_civ_spouse; Machine_op_inspct; Wife; Black; Female;0;0;40; United_States;B
33; Federal_gov;319560; Assoc_voc;11; Divorced; Craft_repair; Unmarried; Black; Female;0;0;40; United_States;A
69; Private;136218; 11th;7; Never_married; Machine_op_inspct; Not_in_family; White; Female;0;0;40; United_States;B
35; Private;54576; HS_grad;9; Married_civ_spouse; Machine_op_inspct; Husband; White; Male;0;0;40; United_States;B
34; Private;148291; HS_grad;9; Married_civ_spouse; Tech_support; Wife; White; Female;0;0;32; United_States;B
30; Private;152453; 11th;7; Married_civ_spouse; Other_service; Husband; White; Male;0;0;40; Mexico;B
28; Private;114053; Bachelors;13; Never_married; Transport_moving; Not_in_family; White; Male;0;0;55; United_States;B
54; Private;212960; Bachelors;13; Married_civ_spouse; Sales; Husband; White; Male;0;0;35; United_States;A
47; Private;264052; Some_college;10; Married_civ_spouse; Prof_specialty; Husband; White; Male;0;0;50; United_States;A
24; Private;82804; HS_grad;9; Never_married; Handlers_cleaners; Unmarried; Black; Female;0;0;40; United_States;B
52; Self_emp_not_inc;334273; Bachelors;13; Married_civ_spouse; Prof_specialty; Husband; White; Male;0;0;60; United_States;A
20; Private;27337; HS_grad;9; Never_married; Handlers_cleaners; Own_child; Amer_Indian_Eskimo; Male;0;0;48; United_States;B
43; Self_emp_inc;188436; Masters;14; Married_civ_spouse; Exec_managerial; Husband; White; Male;5013;0;45; United_States;B
45; Private;433665; 7th_8th;4; Separated; Other_service; Unmarried; White; Female;0;0;40; Mexico;B
29; Self_emp_not_inc;110663; HS_grad;9; Separated; Craft_repair; Not_in_family; White; Male;0;0;35; United_States;B
47; Private;87490; Masters;14; Divorced; Exec_managerial; Unmarried; White; Male;0;0;42; United_States;B
24; Private;354351; HS_grad;9; Never_married; Craft_repair; Own_child; White; Male;0;0;40; United_States;B
51; Private;95469; HS_grad;9; Married_civ_spouse; Prof_specialty; Husband; White; Male;0;0;40; United_States;B
17; Private;242718; 11th;7; Never_married; Sales; Own_child; White; Male;0;0;12; United_States;B
37; Private;22463; Assoc_voc;11; Married_civ_spouse; Craft_repair; Husband; White; Male;0;1977;40; United_States;A
27; Private;158156; Doctorate;16; Never_married; Prof_specialty; Not_in_family; White; Female;0;0;70; United_States;B
29; Private;350162; Bachelors;13; Married_civ_spouse; Exec_managerial; Wife; White; Male;0;0;40; United_States;A
36; Self_emp_not_inc;28738; Assoc_acdm;12; Divorced; Sales; Unmarried; White; Female;0;0;35; United_States;B
58; Local_gov;283635; Bachelors;13; Never_married; Prof_specialty; Not_in_family; White; Female;0;0;40; United_States;B
26; Self_emp_not_inc;86646; Some_college;10; Married_civ_spouse; Craft_repair; Husband; White; Male;0;0;45; United_States;B
57; Private;69884; HS_grad;9; Married_civ_spouse; Sales; Husband; White; Male;0;0;40; United_States;A
59; Private;199713; HS_grad;9; Married_civ_spouse; Craft_repair; Husband; White; Male;0;0;40; United_States;B
27; Private;181659; HS_grad;9; Married_civ_spouse; Machine_op_inspct; Husband; White; Male;0;0;40; United_States;B
31; Self_emp_not_inc;340939; Bachelors;13; Never_married; Tech_support; Not_in_family; White; Male;0;0;40; United_States;B
21; Private;197747; Some_college;10; Never_married; Sales; Own_child; White; Female;0;0;24; United_States;B
29; Private;34292; Some_college;10; Never_married; Adm_clerical; Not_in_family; White; Male;0;0;60; United_States;B
18; Private;156764; 11th;7; Never_married; Other_service; Own_child; White; Male;0;0;40; United_States;B
52; Private;25826; 10th;6; Married_civ_spouse; Craft_repair; Husband; White; Male;0;1887;47; United_States;A
57; Self_emp_inc;103948; Bachelors;13; Divorced; Prof_specialty; Not_in_family; White; Male;0;0;80; United_States;B
60; Private;39352; 7th_8th;4; Never_married; Transport_moving; Not_in_family; White; Male;0;0;48; United_States;A
31; Private;168387; Bachelors;13; Married_civ_spouse; Prof_specialty; Husband; White; Male;7688;0;40; Canada;A
23; Private;117789; Bachelors;13; Never_married; Adm_clerical; Own_child; White; Female;0;0;40; United_States;B
27; Private;267147; HS_grad;9; Never_married; Sales; Own_child; White; Male;0;0;40; United_States;B
42; Self_emp_not_inc;214242; Prof_school;15; Married_civ_spouse; Prof_specialty; Husband; White; Male;0;1902;50; United_States;A
25; Private;200408; Some_college;10; Never_married; Tech_support; Not_in_family; White; Male;2174;0;40; United_States;B
49; Private;136455; Bachelors;13; Never_married; Prof_specialty; Not_in_family; White; Female;0;0;45; United_States;B
32; Private;239824; Bachelors;13; Never_married; Tech_support; Not_in_family; White; Male;0;0;40; United_States;B
19; Private;217039; Some_college;10; Never_married; Adm_clerical; Own_child; White; Male;0;0;28; United_States;B
60; Private;51290; 7th_8th;4; Divorced; Other_service; Not_in_family; White; Female;0;0;40; United_States;B
42; Local_gov;175674; 9th;5; Married_civ_spouse; Other_service; Husband; White; Male;0;0;40; United_States;B
35; Self_emp_not_inc;194404; Assoc_acdm;12; Never_married; Farming_fishing; Not_in_family; White; Male;0;0;40; United_States;B
48; Private;45612; HS_grad;9; Never_married; Adm_clerical; Unmarried; Black; Female;0;0;37; United_States;B
51; Private;410114; Masters;14; Married_civ_spouse; Craft_repair; Husband; White; Male;0;0;40; United_States;A
29; Private;182521; HS_grad;9; Never_married; Craft_repair; Not_in_family; Amer_Indian_Eskimo; Male;0;0;40; United_States;B
36; Local_gov;339772; HS_grad;9; Separated; Exec_managerial; Not_in_family; Black; Male;0;0;40; United_States;B
17; Private;169658; 10th;6; Never_married; Other_service; Own_child; White; Female;0;0;21; United_States;B
52; Private;200853; Masters;14; Divorced; Prof_specialty; Not_in_family; White; Female;6849;0;60; United_States;B
24; Private;247564; HS_grad;9; Never_married; Craft_repair; Not_in_family; White; Male;0;0;40; United_States;B
24; Private;249909; HS_grad;9; Married_civ_spouse; Handlers_cleaners; Husband; White; Male;0;0;50; United_States;B
26; Local_gov;208122; Bachelors;13; Never_married; Prof_specialty; Own_child; White; Male;1055;0;40; United_States;B
27; Private;109881; Bachelors;13; Never_married; Other_service; Own_child; White; Female;0;0;20; United_States;B
39; Private;207824; HS_grad;9; Never_married; Handlers_cleaners; Own_child; White; Male;0;0;60; United_States;B
30; Private;369027; HS_grad;9; Married_civ_spouse; Transport_moving; Husband; Black; Male;0;0;45; United_States;B
50; Self_emp_not_inc;114117; HS_grad;9; Married_civ_spouse; Exec_managerial; Husband; White; Male;0;0;32; United_States;B
52; Self_emp_inc;51048; Bachelors;13; Married_civ_spouse; Sales; Husband; White; Male;0;0;55; United_States;B
46; Private;102388; Prof_school;15; Married_civ_spouse; Prof_specialty; Husband; White; Male;15024;0;45; United_States;A
23; Private;190483; Bachelors;13; Never_married; Sales; Own_child; White; Female;0;0;20; United_States;B
45; Private;462440; 11th;7; Widowed; Other_service; Not_in_family; Black; Female;0;0;20; United_States;B
65; Private;109351; 9th;5; Widowed; Priv_house_serv; Unmarried; Black; Female;0;0;24; United_States;B
29; Private;34383; Assoc_voc;11; Married_civ_spouse; Transport_moving; Husband; White; Male;0;0;55; United_States;B
47; Private;241832; 9th;5; Married_spouse_absent; Handlers_cleaners; Unmarried; White; Male;0;0;40; El_Salvador;B
30; Private;124187; HS_grad;9; Never_married; Farming_fishing; Own_child; Black; Male;0;0;60; United_States;B
34; Private;153614; HS_grad;9; Married_civ_spouse; Sales; Husband; White; Male;0;0;45; United_States;A
38; Self_emp_not_inc;267556; HS_grad;9; Married_civ_spouse; Sales; Husband; White; Male;0;0;64; United_States;B
33; Private;205469; Some_college;10; Married_civ_spouse; Exec_managerial; Husband; White; Male;0;0;40; United_States;A
49; Private;268090; Bachelors;13; Married_civ_spouse; Sales; Husband; White; Male;0;0;26; United_States;A
47; Self_emp_not_inc;165039; Some_college;10; Never_married; Other_service; Unmarried; Black; Female;0;0;40; United_States;B
49; Local_gov;120451; 10th;6; Separated; Other_service; Unmarried; Black; Female;0;0;40; United_States;B
43; Private;154374; Some_college;10; Married_civ_spouse; Craft_repair; Husband; White; Male;15024;0;60; United_States;A
30; Private;103649; Bachelors;13; Married_civ_spouse; Adm_clerical; Wife; Black; Female;0;0;40; United_States;A
58; Self_emp_not_inc;35723; HS_grad;9; Married_civ_spouse; Craft_repair; Husband; White; Male;0;0;60; United_States;B
19; Private;262601; HS_grad;9; Never_married; Other_service; Own_child; White; Female;0;0;14; United_States;B
21; Private;226181; Bachelors;13; Never_married; Handlers_cleaners; Not_in_family; White; Male;0;0;40; United_States;B
33; Private;175697; Bachelors;13; Married_civ_spouse; Exec_managerial; Husband; White; Male;15024;0;60; United_States;A
47; Self_emp_inc;248145; 5th_6th;3; Married_civ_spouse; Transport_moving; Husband; White; Male;0;0;50; Cuba;B
52; Self_emp_not_inc;289436; Doctorate;16; Married_civ_spouse; Prof_specialty; Husband; White; Male;0;0;60; United_States;A
26; Private;75654; HS_grad;9; Divorced; Craft_repair; Not_in_family; White; Male;0;0;55; United_States;B
60; Private;199378; HS_grad;9; Married_civ_spouse; Craft_repair; Husband; White; Male;0;0;40; United_States;B
21; Private;160968; Some_college;10; Never_married; Handlers_cleaners; Own_child; White; Male;0;0;40; United_States;B
36; Private;188563; Some_college;10; Married_civ_spouse; Sales; Husband; White; Male;5178;0;50; United_States;A
31; Private;55849; Some_college;10; Married_civ_spouse; Craft_repair; Husband; White; Male;0;0;45; United_States;B
50; Self_emp_inc;195322; Doctorate;16; Separated; Prof_specialty; Not_in_family; White; Male;0;0;40; United_States;A
31; Local_gov;402089; HS_grad;9; Divorced; Adm_clerical; Unmarried; White; Female;0;0;40; United_States;B
71; Private;78277; HS_grad;9; Married_civ_spouse; Craft_repair; Husband; White; Male;0;0;15; United_States;B
30; State_gov;169496; Bachelors;13; Married_civ_spouse; Tech_support; Husband; White; Male;0;0;40; United_States;A
20; Private;130959; Some_college;10; Never_married; Other_service; Own_child; White; Male;0;0;20; United_States;B
24; Private;556660; HS_grad;9; Never_married; Exec_managerial; Other_relative; White; Male;4101;0;50; United_States;B
35; Private;292472; Doctorate;16; Married_civ_spouse; Prof_specialty; Husband; Asian_Pac_Islander; Male;0;0;40; Taiwan;A
38; State_gov;143774; Some_college;10; Separated; Exec_managerial; Not_in_family; White; Female;0;0;45; United_States;B
27; Private;288341; HS_grad;9; Never_married; Machine_op_inspct; Own_child; White; Female;0;0;32; United_States;B
29; State_gov;71592; Some_college;10; Never_married; Adm_clerical; Unmarried; Asian_Pac_Islander; Female;0;0;40; Philippines;B
34; Private;106742; HS_grad;9; Married_civ_spouse; Craft_repair; Husband; White; Male;0;0;45; United_States;B
44; Private;219288; 7th_8th;4; Married_civ_spouse; Craft_repair; Husband; White; Male;0;0;35; United_States;B
43; Private;174524; HS_grad;9; Married_civ_spouse; Machine_op_inspct; Husband; White; Male;0;0;40; United_States;A
44; Self_emp_not_inc;335183; 12th;8; Married_civ_spouse; Handlers_cleaners; Husband; Black; Male;0;0;40; United_States;A
35; Private;261293; Masters;14; Never_married; Sales; Not_in_family; White; Male;0;0;60; United_States;B
27; Private;111900; Some_college;10; Never_married; Prof_specialty; Not_in_family; White; Male;0;0;40; United_States;B
43; Local_gov;194360; Masters;14; Never_married; Prof_specialty; Not_in_family; White; Male;0;0;38; United_States;B
20; Private;81145; Some_college;10; Never_married; Sales; Not_in_family; White; Female;0;0;25; United_States;B
42; Private;341204; Assoc_acdm;12; Divorced; Prof_specialty; Unmarried; White; Female;8614;0;40; United_States;A
27; State_gov;249362; Some_college;10; Married_civ_spouse; Transport_moving; Husband; White; Male;3411;0;40; United_States;B
42; Private;247019; HS_grad;9; Married_civ_spouse; Craft_repair; Husband; Black; Male;0;0;40; United_States;A
24; Private;172146; 9th;5; Never_married; Machine_op_inspct; Not_in_family; White; Male;0;1721;40; United_States;B
48; Federal_gov;110457; Some_college;10; Divorced; Exec_managerial; Not_in_family; White; Male;0;0;40; United_States;B
17; Self_emp_not_inc;368700; 11th;7; Never_married; Farming_fishing; Own_child; White; Male;0;0;10; United_States;B
33; Private;182556; Bachelors;13; Married_civ_spouse; Exec_managerial; Husband; White; Male;0;0;40; United_States;A
50; Self_emp_inc;219420; HS_grad;9; Married_civ_spouse; Sales; Husband; White; Male;0;0;50; United_States;A
22; Private;240817; HS_grad;9; Never_married; Sales; Own_child; White; Female;2597;0;40; United_States;B
17; Private;102726; 12th;8; Never_married; Other_service; Own_child; White; Male;0;0;16; United_States;B
32; Private;226267; Some_college;10; Married_civ_spouse; Adm_clerical; Husband; White; Male;0;0;40; Mexico;B
31; Private;125457; HS_grad;9; Never_married; Craft_repair; Not_in_family; White; Male;0;0;45; United_States;B
58; Self_emp_not_inc;204021; HS_grad;9; Widowed; Exec_managerial; Not_in_family; White; Male;0;0;50; United_States;B
29; Local_gov;92262; HS_grad;9; Never_married; Protective_serv; Own_child; White; Male;0;0;48; United_States;B
37; Private;161141; Assoc_voc;11; Married_civ_spouse; Craft_repair; Husband; White; Male;0;0;40; Portugal;A
34; Self_emp_not_inc;190290; HS_grad;9; Married_civ_spouse; Craft_repair; Husband; White; Male;0;0;40; United_States;A
23; Local_gov;430828; Some_college;10; Separated; Exec_managerial; Unmarried; Black; Male;0;0;40; United_States;B
18; State_gov;59342; 11th;7; Never_married; Adm_clerical; Own_child; White; Female;0;0;5; United_States;B
34; Private;136721; HS_grad;9; Divorced; Exec_managerial; Not_in_family; White; Female;0;0;40; United_States;B
45; Local_gov;86644; Bachelors;13; Married_civ_spouse; Prof_specialty; Wife; White; Female;0;0;55; United_States;B
41; Private;195124; Masters;14; Never_married; Exec_managerial; Not_in_family; White; Male;0;0;35; Dominican_Republic;B
26; Private;167350; HS_grad;9; Never_married; Other_service; Other_relative; White; Male;0;0;30; United_States;B
54; Local_gov;113000; Some_college;10; Married_civ_spouse; Farming_fishing; Husband; White; Male;0;0;40; United_States;B
24; Private;140027; Some_college;10; Never_married; Machine_op_inspct; Own_child; Black; Female;0;0;45; United_States;B
42; Private;262425; Some_college;10; Married_civ_spouse; Prof_specialty; Husband; White; Male;0;0;50; United_States;B
20; Private;316702; Some_college;10; Never_married; Prof_specialty; Own_child; White; Male;0;0;20; United_States;B
23; State_gov;335453; Bachelors;13; Never_married; Tech_support; Not_in_family; White; Female;0;0;20; United_States;B
35; Private;203628; Masters;14; Never_married; Prof_specialty; Not_in_family; White; Male;0;0;60; United_States;A
31; Private;118710; Masters;14; Married_civ_spouse; Tech_support; Husband; White; Male;0;1902;40; United_States;A
30; Private;189620; Bachelors;13; Never_married; Prof_specialty; Own_child; White; Female;0;0;40; Poland;B
19; Private;475028; HS_grad;9; Never_married; Sales; Own_child; White; Female;0;0;20; United_States;B
36; Local_gov;110866; Bachelors;13; Never_married; Prof_specialty; Not_in_family; White; Male;0;0;50; United_States;B
31; Private;243605; Bachelors;13; Widowed; Sales; Unmarried; White; Female;0;1380;40; Cuba;B
21; Private;163870; Some_college;10; Never_married; Handlers_cleaners; Own_child; White; Male;0;0;30; United_States;B
31; Self_emp_not_inc;80145; Some_college;10; Married_civ_spouse; Craft_repair; Husband; White; Male;0;0;40; United_States;B
46; Private;295566; Doctorate;16; Divorced; Prof_specialty; Unmarried; White; Female;25236;0;65; United_States;A
44; Private;63042; Bachelors;13; Divorced; Exec_managerial; Own_child; White; Female;0;0;50; United_States;A
40; Private;229148; 12th;8; Married_civ_spouse; Other_service; Husband; Black; Male;0;0;40; Jamaica;B
45; Private;242552; Some_college;10; Never_married; Sales; Not_in_family; Black; Male;0;0;40; United_States;B
60; Private;177665; HS_grad;9; Married_civ_spouse; Craft_repair; Husband; White; Male;0;0;35; United_States;B
18; Private;208103; 11th;7; Never_married; Other_service; Other_relative; White; Male;0;0;25; United_States;B
28; Private;296450; Bachelors;13; Married_civ_spouse; Prof_specialty; Husband; White; Male;0;0;40; United_States;B
36; Private;70282; Some_college;10; Divorced; Adm_clerical; Unmarried; Black; Female;0;0;40; United_States;B
40; Private;144995; Assoc_voc;11; Married_civ_spouse; Tech_support; Husband; White; Male;4386;0;40; United_States;B
36; Local_gov;382635; Bachelors;13; Divorced; Adm_clerical; Unmarried; White; Female;0;0;35; Honduras;B
31; Private;295697; HS_grad;9; Separated; Other_service; Unmarried; Black; Female;0;0;40; United_States;B
33; Private;194141; HS_grad;9; Married_civ_spouse; Machine_op_inspct; Husband; White; Male;0;0;40; United_States;B
19; State_gov;378418; HS_grad;9; Never_married; Tech_support; Own_child; White; Female;0;0;40; United_States;B
22; Private;214399; Some_college;10; Never_married; Sales; Own_child; White; Female;0;0;15; United_States;B
34; Private;217460; Bachelors;13; Married_civ_spouse; Exec_managerial; Husband; White; Male;0;0;45; United_States;A
33; Private;182556; HS_grad;9; Never_married; Other_service; Not_in_family; White; Male;0;0;40; United_States;B
41; Private;125831; HS_grad;9; Married_civ_spouse; Craft_repair; Husband; White; Male;0;2051;60; United_States;B
29; Private;271328; Bachelors;13; Never_married; Prof_specialty; Not_in_family; White; Male;4650;0;40; United_States;B
50; Local_gov;50459; HS_grad;9; Married_civ_spouse; Exec_managerial; Husband; White; Male;0;0;42; United_States;A
42; Private;162140; Bachelors;13; Married_civ_spouse; Exec_managerial; Husband; White; Male;7298;0;45; United_States;A
44; Private;111502; HS_grad;9; Married_civ_spouse; Sales; Wife; White; Female;0;0;40; United_States;B
20; Private;299047; Some_college;10; Never_married; Other_service; Not_in_family; White; Female;0;0;20; United_States;B
31; Private;223212; HS_grad;9; Married_civ_spouse; Other_service; Husband; White; Male;0;0;40; Mexico;B
23; Private;352139; Some_college;10; Never_married; Other_service; Not_in_family; White; Female;0;0;24; United_States;B
55; Private;173093; Some_college;10; Divorced; Adm_clerical; Not_in_family; Asian_Pac_Islander; Female;0;0;40; United_States;B
26; Private;181655; Assoc_voc;11; Married_civ_spouse; Adm_clerical; Husband; White; Male;0;2377;45; United_States;B
25; Private;332702; Assoc_voc;11; Never_married; Other_service; Own_child; White; Female;0;0;15; United_States;B
35; Private;234901; Some_college;10; Married_civ_spouse; Craft_repair; Husband; White; Male;2407;0;40; United_States;B
36; Private;131414; Some_college;10; Never_married; Sales; Not_in_family; Black; Female;0;0;36; United_States;B
43; State_gov;260960; Bachelors;13; Married_civ_spouse; Prof_specialty; Husband; White; Male;0;0;50; United_States;B
56; Private;156052; HS_grad;9; Widowed; Other_service; Unmarried; Black; Female;594;0;20; United_States;B
42; Private;279914; Bachelors;13; Married_civ_spouse; Tech_support; Husband; White; Male;0;0;40; United_States;A
19; Private;192453; Some_college;10; Never_married; Other_service; Other_relative; White; Female;0;0;25; United_States;B
55; Self_emp_not_inc;200939; HS_grad;9; Married_civ_spouse; Transport_moving; Husband; White; Male;0;0;72; United_States;B
42; Private;151408; Masters;14; Never_married; Exec_managerial; Not_in_family; White; Female;14084;0;50; United_States;A
26; Private;112847; Assoc_voc;11; Never_married; Tech_support; Own_child; White; Male;0;0;40; United_States;B
17; Private;316929; 12th;8; Never_married; Handlers_cleaners; Own_child; White; Male;0;0;20; United_States;B
42; Local_gov;126319; Bachelors;13; Married_civ_spouse; Prof_specialty; Wife; White; Female;0;0;40; United_States;A
55; Private;197422; HS_grad;9; Married_civ_spouse; Transport_moving; Husband; White; Male;7688;0;40; United_States;A
32; Private;267736; Some_college;10; Never_married; Adm_clerical; Own_child; Black; Female;0;0;40; United_States;B
29; Private;267034; 11th;7; Never_married; Craft_repair; Own_child; Black; Male;0;0;40; Haiti;B
46; State_gov;193047; Bachelors;13; Married_civ_spouse; Prof_specialty; Husband; White; Male;0;0;37; United_States;B
29; State_gov;356089; Bachelors;13; Married_civ_spouse; Exec_managerial; Husband; White; Male;7688;0;40; United_States;A
22; Private;223515; Bachelors;13; Never_married; Prof_specialty; Unmarried; White; Male;0;0;20; United_States;B
58; Self_emp_not_inc;87510; 10th;6; Married_civ_spouse; Craft_repair; Husband; White; Male;0;0;40; United_States;B
23; Private;145111; HS_grad;9; Never_married; Transport_moving; Unmarried; White; Male;0;0;50; United_States;B
39; Private;48093; HS_grad;9; Never_married; Handlers_cleaners; Not_in_family; White; Male;0;0;40; United_States;B
27; Private;31757; Assoc_voc;11; Never_married; Craft_repair; Own_child; White; Male;0;0;38; United_States;B
54; Private;285854; HS_grad;9; Married_civ_spouse; Transport_moving; Husband; White; Male;0;0;40; United_States;A
33; Local_gov;120064; Bachelors;13; Never_married; Prof_specialty; Not_in_family; White; Female;0;0;45; United_States;B
46; Federal_gov;167381; HS_grad;9; Married_civ_spouse; Adm_clerical; Wife; White; Female;0;0;40; United_States;A
37; Private;103408; HS_grad;9; Never_married; Farming_fishing; Not_in_family; Black; Male;0;0;40; United_States;B
36; Private;101460; HS_grad;9; Never_married; Other_service; Not_in_family; White; Female;0;0;18; United_States;B
59; Local_gov;420537; HS_grad;9; Married_civ_spouse; Adm_clerical; Wife; White; Female;0;0;38; United_States;A
34; Local_gov;119411; HS_grad;9; Divorced; Protective_serv; Unmarried; White; Male;0;0;40; Portugal;B
53; Self_emp_inc;128272; Doctorate;16; Married_civ_spouse; Exec_managerial; Husband; White; Male;0;0;70; United_States;A
51; Private;386773; Bachelors;13; Never_married; Sales; Not_in_family; White; Male;0;0;55; United_States;A
32; Private;283268; 10th;6; Separated; Other_service; Unmarried; White; Female;0;0;42; United_States;B
31; State_gov;301526; Some_college;10; Married_spouse_absent; Other_service; Other_relative; White; Male;0;0;40; United_States;B
22; Private;151790; Some_college;10; Married_civ_spouse; Sales; Wife; White; Female;0;0;30; Germany;B
47; Self_emp_not_inc;106252; Bachelors;13; Divorced; Sales; Not_in_family; White; Female;0;0;50; United_States;B
32; Private;188557; HS_grad;9; Never_married; Machine_op_inspct; Not_in_family; White; Male;0;0;40; United_States;B
26; Private;171114; Some_college;10; Never_married; Farming_fishing; Not_in_family; White; Female;0;0;38; United_States;B
37; Private;327323; 5th_6th;3; Separated; Farming_fishing; Not_in_family; White; Male;0;0;32; Guatemala;B
31; Private;244147; HS_grad;9; Divorced; Craft_repair; Unmarried; White; Male;0;0;55; United_States;B
37; Private;280282; Assoc_voc;11; Married_civ_spouse; Tech_support; Wife; White; Female;0;0;24; United_States;A
55; Private;116442; HS_grad;9; Never_married; Sales; Not_in_family; White; Male;0;0;38; United_States;B
23; Local_gov;282579; Assoc_voc;11; Divorced; Tech_support; Not_in_family; White; Male;0;0;56; United_States;B
36; Private;51838; Some_college;10; Divorced; Adm_clerical; Unmarried; White; Female;0;0;40; United_States;B
43; Private;226902; Bachelors;13; Married_civ_spouse; Sales; Husband; White; Male;0;0;50; United_States;A
